Where is Everybody?,http://www.hulu.com/embed.html?eid=jpsbq2p_-oo4z6untu9iua
One For the Angels,http://www.hulu.com/embed.html?eid=ddpcmf70zugzurl_1qocea
Mr. Denton on Doomsday,http://www.hulu.com/embed.html?eid=8nghaweagnprmauybk-zng
The Sixteen-Millimeter Shrine,http://www.hulu.com/embed.html?eid=ivhwtz-nhxfjcgvqwe-7eg
Walking Distance,http://www.hulu.com/embed.html?eid=r-qx8xc8msandij-xpp8lg
Escape Clause,http://www.hulu.com/embed.html?eid=gvm2xof7yrybetu81weagw
The Lonely,http://www.hulu.com/embed.html?eid=jmg1euoboysbf8uks4w2ia
Time Enough at Last,http://www.hulu.com/embed.html?eid=p1yndnfol2xvxa8lbowpxw
Perchance to Dream,http://www.hulu.com/embed.html?eid=87hl3jewd-qyin-vrkgsww
Judgment Night,http://www.hulu.com/embed.html?eid=je2jgweszp2_k_9rzhhwvg
And When the Sky Was Opened,http://www.hulu.com/embed.html?eid=yabhniycusb0ahvfdt6wvq
What You Need,http://www.hulu.com/embed.html?eid=zbbs1ngqqunxjsjb2d7z_a
The Four of Us are Dying,http://www.hulu.com/embed.html?eid=vndim9xftblsi80u5ljzpg
Third From the Sun,http://www.hulu.com/embed.html?eid=xo5iprqwsxmjcqewlxacla
I Shot an Arrow Into the Air,http://www.hulu.com/embed.html?eid=wb0hohitcti5ox1roxicng
The Hitch-Hiker,http://www.hulu.com/embed.html?eid=8iqvkz7rz0vwhtwthpo-2w
The Fever,http://www.hulu.com/embed.html?eid=ethfwtnwefwlabene1obtg
The Last Flight,http://www.hulu.com/embed.html?eid=907vnem0zochve-lprhp5a
The Purple Testament,http://www.hulu.com/embed.html?eid=5hizavheyl12pgvgtr3sog
Elegy,http://www.hulu.com/embed.html?eid=pnnofkcskxf1g6lysonv6a
Mirror Image,http://www.hulu.com/embed.html?eid=tyloanzzzvloailpqvplca
The Monsters are Due on Maple Street,http://www.hulu.com/embed.html?eid=tgzxsiuq3acho5eiqcnkha
A World of Difference,http://www.hulu.com/embed.html?eid=cw9bhnodd78pcw7iwxrd1q
Long Live Walter Jameson,http://www.hulu.com/embed.html?eid=-n5veihkgfemuvpi-m2qvg
People Are Alike All Over,http://www.hulu.com/embed.html?eid=ry9mqtud48sfsymt4sqrkw
Execution,http://www.hulu.com/embed.html?eid=wfl19iv2vulhspjmg8vi2g
The Big Tall Wish,http://www.hulu.com/embed.html?eid=tgf8e5ok3qbggcvlqdkgea
A Nice Place to Visit,http://www.hulu.com/embed.html?eid=ldjqsdiinrkciktk6wyhfa
Nightmare as a Child,http://www.hulu.com/embed.html?eid=evzophszqprwrm99j_ctkw
A Stop at Willoughby,http://www.hulu.com/embed.html?eid=xnj8msf_reaguuxqcll3uq
The Chaser,http://www.hulu.com/embed.html?eid=xmwpkayuvmiqwh85flixjg
A Passage for Trumpet,http://www.hulu.com/embed.html?eid=zks0cmc_bcll_c4wjotflg
Mr. Bevis,http://www.hulu.com/embed.html?eid=ltc9zbsresa9wms4wc0asg
The After Hours,http://www.hulu.com/embed.html?eid=rf_hnumckl1kqrjr8cy6fq
The Mighty Casey,http://www.hulu.com/embed.html?eid=zjq8htvohapdb31z67u6ta
A World of His Own,http://www.hulu.com/embed.html?eid=taqyhz2ylihyyw-2w4fy0w
King Nine Will Not Return,http://www.hulu.com/embed.html?eid=mv3fr3gspphctm0drtkh7a
A Man in the Bottle,http://www.hulu.com/embed.html?eid=ohfgocu6eonelzscsfqqxg
Nervous Man in a Four Dollar Room,http://www.hulu.com/embed.html?eid=tkoo75umm43a-c_go9j4ug
A Thing About Machines,http://www.hulu.com/embed.html?eid=mybocsromuiogbbgurnuaq
The Howling Man,http://www.hulu.com/embed.html?eid=hnr9ss7o5o4fmhh1pkpfsq
The Eye of the Beholder,http://www.hulu.com/embed.html?eid=8tkfa91-ntyeskfr03hjxg
Nick of Time,http://www.hulu.com/embed.html?eid=5i6qsbcju7kavboq4g1q7a
The Lateness of the Hour,http://www.hulu.com/embed.html?eid=wduw0o4vvxxxsj7z3tas_w
The Trouble With Templeton,http://www.hulu.com/embed.html?eid=q8s3pqyxmga1eiyrdpsz7w
A Most Unusual Camera,http://www.hulu.com/embed.html?eid=ctiibupeopmcyovsfvx-gq
Night of the Meek,http://www.hulu.com/embed.html?eid=xyyudrzc5691btibfov_wa
Dust,http://www.hulu.com/embed.html?eid=tgot4xk4ztr7kiy49g8r7q
Back There,http://www.hulu.com/embed.html?eid=niii51jmgjhi57nteqwadg
The Whole Truth,http://www.hulu.com/embed.html?eid=dqeqyk7ymvulwtxvcaqrcg
The Invaders,http://www.hulu.com/embed.html?eid=l-u6eageoqj8tplzy9p-eg
A Penny for Your Thoughts,http://www.hulu.com/embed.html?eid=nush1k7tvt4ha6dusfb7mg
The Odyssey of Flight 33,http://www.hulu.com/embed.html?eid=lglisuhixrwi3d6iwx_zpg
Mr. Dingle The Strong,http://www.hulu.com/embed.html?eid=typs9q1grz5dpvjzrwdlhw
Static,http://www.hulu.com/embed.html?eid=r3veiy7rhvv1id2twoknhg
The Prime Movers,http://www.hulu.com/embed.html?eid=ehw5tusorbkllzlltqci1w
Long Distance Call,http://www.hulu.com/embed.html?eid=zokzvuff5kgdscklx9mipq
A Hundred Yards Over the Rim,http://www.hulu.com/embed.html?eid=4bfys_h7oefe4hffveaahw
The Rip Van Winkle Caper,http://www.hulu.com/embed.html?eid=9wo1blzgal5o1plvke-ggq
The Silence,http://www.hulu.com/embed.html?eid=dtjrl7lalm_2kungh8v70q
Shadow Play,http://www.hulu.com/embed.html?eid=ktfjrd_gqpp_wlw6npzbaw
The Mind and the Matter,http://www.hulu.com/embed.html?eid=adwwjfgk_li4--oatbtucg
Will the Real Martian Please Stand Up?,http://www.hulu.com/embed.html?eid=dqprbz3jmsmtbggonuz-ua
The Obsolete Man,http://www.hulu.com/embed.html?eid=zxvw23d75-rkaarivuax5w
Twenty-Two,http://www.hulu.com/embed.html?eid=fssgnzf6wrsc90nzxnwqig
Two,http://www.hulu.com/embed.html?eid=emy_fdeepeq9nsorvz8rvg
The Arrival,http://www.hulu.com/embed.html?eid=drfbqil2cwm-hh600qwvvw
The Shelter,http://www.hulu.com/embed.html?eid=n4hfqgg5gplaplgmafpmzq
The Passersby,http://www.hulu.com/embed.html?eid=xvn7dtfk6czwq0jnj3_bvg
A Game of Pool,http://www.hulu.com/embed.html?eid=gtmwyflajjvxnq9pktx_xq
The Grave,http://www.hulu.com/embed.html?eid=wnn_3oc9nfuump7oz0vihg
It’s a Good Life,http://www.hulu.com/embed.html?eid=h5e4k-8lq4at_sy4yfkppw
Death’s Head Revisited,http://www.hulu.com/embed.html?eid=blapfoak6v-whijaa8a6va
The Midnight Sun,http://www.hulu.com/embed.html?eid=ozbdwocmlwh7ugtl-feheg
Still Valley,http://www.hulu.com/embed.html?eid=d4cxv3zvatlgq9ph8_tcug
The Jungle,http://www.hulu.com/embed.html?eid=sjtifg9ctduzftmrmcp-1q
Once Upon a time,http://www.hulu.com/embed.html?eid=6_bqokninfnj-omerhzl3a
Five Characters in Search of an Exit,http://www.hulu.com/embed.html?eid=0jqqyl-3q0nvyaqsmkhkta
A Quality of Mercy,http://www.hulu.com/embed.html?eid=h_axryaxr-tvxqpsf8lzjw
Nothing in the Dark,http://www.hulu.com/embed.html?eid=-lkzwqkcuwbpj4sdoepxma
One More Pallbearer,http://www.hulu.com/embed.html?eid=ayt_wmah7avcjpkhtjhtfw
Dead Man’s Shoes,http://www.hulu.com/embed.html?eid=vciuzf5ynb1quu02tnp--a
The Hunt,http://www.hulu.com/embed.html?eid=rykxjokd8pki8rs78s-e4q
Showdown with Rance McGrew,http://www.hulu.com/embed.html?eid=y2zquqce6dp4hozgijazxg
Kick the Can,http://www.hulu.com/embed.html?eid=zgpdk_9blrockngqjxqhxw
A Piano in the House,http://www.hulu.com/embed.html?eid=sluzi4invxqnhg4orqu99q
The Last Rites of Jeff Myrtlebank,http://www.hulu.com/embed.html?eid=zlx0-vb1eitkj6i-e-mq0q
To Serve Man,http://www.hulu.com/embed.html?eid=ldi_54ezxkfao8web1kv3q
The Fugitive,http://www.hulu.com/embed.html?eid=_-ib2xdel8-v0rtivflmuw
Little Girl Lost,http://www.hulu.com/embed.html?eid=e5vx2in3lmnlrjnv6imfma
Person or Persons Unknown,http://www.hulu.com/embed.html?eid=q4f8q2sn4ej7bvbjt8vfda
The Little People,http://www.hulu.com/embed.html?eid=gqk9xfcewnv1fj8dm0zfvw
Four O’Clock,http://www.hulu.com/embed.html?eid=owvz9dyqnj7yjhwbfedbcw
Hocus-Pocus and Frisby,http://www.hulu.com/embed.html?eid=r2bpatobpwow6-fp6xperw
The Trade-Ins,http://www.hulu.com/embed.html?eid=bjyej6zl0vrpwsej9szi9q
The Gift,http://www.hulu.com/embed.html?eid=g3nxi04t3finbnvl_bvc8w
The Dummy,http://www.hulu.com/embed.html?eid=rpyitcstczfeurkhxmtryq
Young Man’s Fancy,http://www.hulu.com/embed.html?eid=jjswdb-4p4fbsdocxxx7qg
I Sing the Body Electric,http://www.hulu.com/embed.html?eid=mjgto2tobtvj1c3t7-cm3g
Cavendar Is coming,http://www.hulu.com/embed.html?eid=c_ucswdoatjpwc92b8sryq
The Changing of the Guard,http://www.hulu.com/embed.html?eid=2y7pdwygaxkahszl17qwuq
In His Image,http://www.hulu.com/embed.html?eid=_zabt1plilpnysvy-9gpkg
The Thirty Fathom Grave,http://www.hulu.com/embed.html?eid=6dvkcw6paoetc1154o9rcw
Valley of the Shadow,http://www.hulu.com/embed.html?eid=0tmknkaxuogtyvp1mu5wsw
He’s Alive,http://www.hulu.com/embed.html?eid=a7kmtc55fxfxrye4ipqa9g
Mute,http://www.hulu.com/embed.html?eid=abh8szrou-vt9andfnfcyg
Death Ship,http://www.hulu.com/embed.html?eid=4br_9qyrg_nhmbxugir6iw
Jess-Belle,http://www.hulu.com/embed.html?eid=1nqwyzhieyh1yk2iwdb4dw
Miniature,http://www.hulu.com/embed.html?eid=djszg0for370ukee-mllxg
Printer’s Devil,http://www.hulu.com/embed.html?eid=jzkiucqxybmlj_akw5jaeg
No Time Like the Past,http://www.hulu.com/embed.html?eid=ediup-mnp5qefsimmozyeg
The Parallel,http://www.hulu.com/embed.html?eid=qaqohyiowwl7rb18etey5w
I Dream of Genie,http://www.hulu.com/embed.html?eid=ddew5eressz14cf-ticwpw
The New Exhibit,http://www.hulu.com/embed.html?eid=waiqncxjkdvp4szsyf1gcg
Of Late I Think of Cliffordville,http://www.hulu.com/embed.html?eid=zxt1k9jjvuuzumv437t6ia
The Incredible World of Horace Ford,http://www.hulu.com/embed.html?eid=jvbkprh3kq93onsdssxyma
On Thursday We Leave for Home,http://www.hulu.com/embed.html?eid=twvjvwa4hk50pu3p-h34mq
Passage on the Lady Anne,http://www.hulu.com/embed.html?eid=padchaj4ga80zy31rf333g
The Bard,http://www.hulu.com/embed.html?eid=g3itm-n6_xy2qhlkl1gb1a
In Praise of Pip,http://www.hulu.com/embed.html?eid=x3a49mxz8stkohk01uj4bw
Steel,http://www.hulu.com/embed.html?eid=hk42kmjvs1h7ql9xizocvw
Nightmare at 20000 Feet,http://www.hulu.com/embed.html?eid=6ucan6f7jx7avp4m-skaja
A Kind of Stopwatch,http://www.hulu.com/embed.html?eid=pfjhvxhx4ykjtaraxh5fjw
The Last Night of a Jockey,http://www.hulu.com/embed.html?eid=s2kwpapnwxnwxnmjbbqlbq
Living Doll,http://www.hulu.com/embed.html?eid=-m_bnrxinh91neffnne-pa
The Old Man in the Cave,http://www.hulu.com/embed.html?eid=w0va30yhraceo1ns2xg9vq
Uncle Simon,http://www.hulu.com/embed.html?eid=m5qbiii7_r04ksovmwhm5w
Probe 7 Over and Out,http://www.hulu.com/embed.html?eid=dzgmhmrjxpwd9jxdzvchda
The 7th Is Made Up of Phantoms,http://www.hulu.com/embed.html?eid=4ew7wjd2b97pkcowqpatxg
A Short Drink From a Certain Fountain,http://www.hulu.com/embed.html?eid=kiutgt3tlyfgzazyzvfoiq
Ninety Years Without Slumbering,http://www.hulu.com/embed.html?eid=bwwawjlt9jeyjqfor4geqa
Ring-a-Ding Girl,http://www.hulu.com/embed.html?eid=5vsfcludduvubhwooq3dzq
You Drive,http://www.hulu.com/embed.html?eid=x97jpt64ikawlq7p4rw7kg
The Long Morrow,http://www.hulu.com/embed.html?eid=7o-vxtre_bsgdb5pg77icq
The Self-Improvement of Salvadore Ross,http://www.hulu.com/embed.html?eid=6vshh3n_b58wk0lnbo1wsa
Number Twelve Looks Just Like You,http://www.hulu.com/embed.html?eid=1dfoxtxrhfny6xownwoitw
Black Leather Jackets,http://www.hulu.com/embed.html?eid=6_icmy-vathirxuzjgl79g
Night Call,http://www.hulu.com/embed.html?eid=m18af6vp9mmu-ciouc1cmq
From Agnes with Love,http://www.hulu.com/embed.html?eid=xsp9ua2umqn7knwppwpqog
Spur of the Moment,http://www.hulu.com/embed.html?eid=-zyjzam0kyyga605secx7g
An Occurrence at Owl Creek Bridge,http://www.hulu.com/embed.html?eid=hidi4b1vdos4kaswzxy9nq
Queen of the Nile,http://www.hulu.com/embed.html?eid=vp73iffo1atmvpwvghhk3q
What’s in the Box?,http://www.hulu.com/embed.html?eid=zqrikxi9imgh8fcs-edo-g
The Masks,http://www.hulu.com/embed.html?eid=xzbgqzbsy2wa2zux3salca
I am the Night — Color Me Black,http://www.hulu.com/embed.html?eid=_u8o97hezvbvbox0awgkdw
Sounds and Silences,http://www.hulu.com/embed.html?eid=d-hhrksqwj577tkakqh2sa
Caesar and Me,http://www.hulu.com/embed.html?eid=gjyqlxe3gva_6yqe7xo7dg
The Jeopardy Room,http://www.hulu.com/embed.html?eid=0hiysm6yep4vntlv-ola2q
Stopover in a Quiet Town,http://www.hulu.com/embed.html?eid=xeo6mvolq43lg-zbhcbtia
The Encounter,http://www.hulu.com/embed.html?eid=ktr_1urlbcodtyunsxelpa
Mr. Garrity and the Graves,http://www.hulu.com/embed.html?eid=qrwpyugds6zzt2ra1kbdzw
The Brain Center at Mr. Whipple’s,http://www.hulu.com/embed.html?eid=c4ttbjfdhw4jmntmctp7ya
Come Wander with Me,http://www.hulu.com/embed.html?eid=ghlnigctrnohzdmjmpolsg
The Fear,http://www.hulu.com/embed.html?eid=yh3yes2nmrnsgz9re2ihiq
The Bewitchin’ Pool,http://www.hulu.com/embed.html?eid=81kkb9nzhipldl0ckjor6g
